Topic 1,Topic 2,Topic 3,Topic 4,Topic 5,Topic 6,Topic 7,Topic 8,Topic 9,Topic 10
tooth,honey,beach,blood,type,screen,sign,summer,sound,space
dance,foot,motion,babe,number,lifetime,angel,sight,gun,fault
touch,knee,mirror,truth,rest,future,lover,cloud,bone,start
clique,picture,tv,power,war,lady,lot,train,promise,ride
bottle,death,law,magic,radio,fear,chance,dark,smile,turn
river,dollar,game,fun,matter,heartbeat,fall,record,leg,work
mouth,brain,dog,season,lip,city,candy,ring,sunlight,bird
tongue,today,sadness,control,silence,bit,gold,wind,tide,brain
ash,hour,city,stage,need,shadow,dance,hole,luck,reason
colour,tomorrow,kid,fight,cover,lovers,drip,stuff,goodbye,dark
memory,wind,bit,flower,woman,smoke,peace,player,minute,danger
beep,tree,heaven,ba,loneliness,mouth,sin,feel,waste,bang
yesterday,round,dancing,mouth,reason,loss,desire,sweat,strength,smoke
contributor,river,gimme,flight,piece,glass,earth,club,happiness,piece
dirt,horse,town,point,chest,window,hell,obsession,vibe,idea
fate,mercy,darkness,bag,secret,noise,kiss,crush,past,bay
taste,plan,tomorrow,contributor,vision,ocean,stone,peace,sense,fool
note,drive,dancer,bone,truth,view,replacement,doctor,beat,throne
book,road,lover,news,thought,fool,leave,help,flesh,park
t,bit,effect,bottom,guy,other,mm,infatuation,enemy,month
