name	included	major
16-bit	0	0
2-step	0	0
2 tone	0	0
aak	0	0
abkhazian folk music	0	0
aboio	0	0
aboio cantado	0	0
abstract hip hop	0	0
a cappella	0	0
acidcore	0	0
acid croft	0	0
acid house	0	0
acid jazz	0	0
acid rock	0	0
acid techno	0	0
acid trance	0	0
acoustic blues	0	0
acoustic chicago blues	0	0
acoustic rock	0	0
acoustic texas blues	0	0
adult contemporary	0	0
aegean islands folk music	0	0
afoxé	0	0
african folk music	0	0
african music	0	0
afrobeat	0	0
afrobeats	0	0
afro-cuban jazz	0	0
afro-funk	0	0
afro-house	0	0
afro-jazz	0	0
afro-rock	0	0
afroswing	0	0
afro trap	0	0
aggrotech	0	0
ainu folk music	0	0
aita	0	0
akan music	0	0
albanian folk music	0	0
alevi folk music	0	0
algerian chaabi	0	0
algorave	0	0
alpenrock	0	0
alpine folk music	0	0
alsatian folk music	0	0
altai traditional music	0	0
alt-country	1	0
alternative dance	1	0
alternative metal	0	0
alternative r&b	1	0
alternative rock	1	0
amami shimauta	0	0
amapiano	0	0
amazigh music	0	0
ambasse bey	0	0
ambient	0	1
ambient dub	0	0
ambient house	0	0
ambient pop	1	0
ambient techno	0	0
ambient trance	0	0
americana	0	0
american folk music	0	0
american primitivism	0	0
anarcho-punk	0	0
anatolian rock	0	0
ancient chinese music	0	0
ancient egyptian music	0	0
ancient greek music	0	0
ancient levitical music	0	0
ancient music	0	0
ancient roman music	0	0
andalusian classical music	0	0
andalusian folk music	0	0
andalusian rock	0	0
andean new age	0	0
andean rock	0	0
animal sounds	0	0
anti-folk	0	0
aor	0	0
apala	0	0
appalachian folk music	0	0
arabesque	0	0
arabesque rap	0	0
arabic bellydance music	0	0
arabic classical music	0	0
arabic folk music	0	0
arabic jazz	0	0
arabic music	0	0
arabic pop	0	0
aragonese folk music	0	0
armenian church music	0	0
armenian folk music	0	0
armenian music	0	0
arrocha	0	0
ars antiqua	0	0
ars nova	0	0
ars subtilior	0	0
art pop	1	0
art punk	0	0
art rock	1	0
ashkenazi music	0	0
asmr	0	0
assamese folk music	0	0
assiko	0	0
assyrian folk music	0	0
asturian folk music	0	0
atlanta bass	0	0
atmospheric black metal	0	0
atmospheric drum and bass	0	0
atmospheric sludge metal	0	0
australian folk music	0	0
austronesian traditional music	0	0
auvergnat folk music	0	0
avant-folk	0	0
avant-garde jazz	0	0
avant-garde metal	0	0
avant-prog	0	0
avar folk music	0	0
axé	0	0
azerbaijani music	0	0
azmari	0	0
bachata	0	0
bagad	0	0
baggy / madchester	0	0
baião	0	0
baila	0	0
baisha xiyue	0	0
bakersfield sound	0	0
balani show	0	0
balearic beat	0	0
balitaw	0	0
balkan brass band	0	0
balkan folk music	0	0
balkan music	0	0
balkan pop-folk	0	0
ballroom	0	0
balochi traditional music	0	0
baltimore club	0	0
bamar folk music	0	0
bambuco	0	0
bandari	0	0
bandas de viento de méxico	0	0
banda sinaloense	0	0
barbershop	0	0
bard music	0	0
baroque music	0	0
baroque pop	1	0
bashkir folk music	0	0
basque folk music	0	0
bass house	0	0
bassline	0	0
batak pop	0	0
batida	0	0
batucada	0	0
batuque	0	0
beatdown hardcore	0	0
beat music	0	0
beat poetry	0	0
bebop	0	0
bedroom pop	1	0
belarusian folk music	0	0
bend-skin	0	0
benga	0	0
bengali folk music	0	0
bérite club	0	0
berlin school	0	0
bhangra	0	0
bhojpuri folk music	0	0
big band	0	0
big beat	0	0
big room	0	0
biguine	0	0
bikutsi	0	0
birdsong	0	0
bit music	0	0
bitpop	0	0
black 'n' roll	0	0
black ambient	0	0
blackgaze	0	0
black metal	0	0
bleep techno	0	0
blue-eyed soul	0	0
bluegrass	0	0
bluegrass gospel	0	0
blues	0	1
blues rock	0	0
bocet	0	0
bogino duu	0	0
bolero	0	0
bolero-beat	0	0
bolero español	0	0
bolero son	0	0
bomba	0	0
bongo flava	0	0
boogaloo	0	0
boogie	1	0
boogie rock	0	0
boogie woogie	0	0
boom bap	0	0
bop	0	0
bossa nova	0	0
bounce	0	0
bouncy techno	0	0
bouyon	0	0
boy band	0	0
brass band	0	0
brazilian bass	0	0
brazilian classical music	0	0
brazilian music	0	0
breakbeat	1	0
breakbeat hardcore	0	0
breakbeat kota	0	0
breakcore	0	0
break-in	0	0
breakstep	0	0
brega	0	0
brega-funk	0	0
breton celtic folk music	0	0
breton folk music	0	0
brill building	0	0
britcore	0	0
britfunk	0	0
british blues	0	0
british dance band	0	0
british folk rock	0	0
british rhythm & blues	0	0
britpop	0	0
bro-country	0	0
broken beat	0	0
broken transmission	0	0
brostep	0	0
brutal death metal	0	0
brutal prog	0	0
bubblegum	0	0
bubblegum bass	1	0
bubblegum dance	0	0
bubbling	0	0
bubbling house	0	0
budots	0	0
bulawayo jazz	0	0
bulgarian folk music	0	0
bullerengue	0	0
burger-highlife	0	0
burmese classical music	0	0
buryat folk music	0	0
byzantine chant	0	0
byzantine music	0	0
c86	0	0
cabaret	0	0
cabo-zouk	0	0
cadence lypso	0	0
cadence rampa	0	0
cải lương	0	0
cajun music	0	0
cakewalk	0	0
čalgija	0	0
calypso	0	0
cambodian pop	0	0
campus folk	0	0
canadian folk music	0	0
canadian maritime folk	0	0
canarian folk music	0	0
canción melódica	0	0
candombe	0	0
candombe beat	0	0
candomblé music	0	0
cante alentejano	0	0
canterbury scene	0	0
canto a lo poeta	0	0
canto cardenche	0	0
cantonese opera	0	0
cantopop	0	0
cantu a tenore	0	0
canzone d'autore	0	0
canzone napoletana	0	0
canzone neomelodica	0	0
cape breton fiddling	0	0
cape breton folk music	0	0
cape jazz	0	0
cape verdean music	0	0
capoeira music	0	0
caribbean folk music	0	0
caribbean music	0	0
carimbó	0	0
carnatic classical music	0	0
carnavalito	0	0
carols	0	0
cartoon music	0	0
catalan folk music	0	0
caucasian folk music	0	0
caucasian music	0	0
ccm	0	0
celtic folk music	0	0
celtic metal	0	0
celtic new age	0	0
celtic punk	0	0
celtic rock	0	0
central african music	0	0
chacarera	0	0
chachachá	0	0
chalga	0	0
chamamé	0	0
chamarrita açoriana	0	0
chamarrita rioplatense	0	0
chamber folk	0	0
chamber jazz	0	0
chamber music	1	0
chamber pop	1	0
champeta	0	0
changüí	0	0
chanson	0	0
chanson alternative	0	0
chanson à texte	0	0
chanson réaliste	0	0
chazzanut	0	0
chechen folk music	0	0
chicago blues	0	0
chicago hard house	0	0
chicago house	0	0
chicago soul	0	0
chicano rap	0	0
children's music	0	0
chilena	0	0
chillstep	0	0
chillwave	1	0
chimurenga	0	0
chinese classical music	0	0
chinese folk music	0	0
chinese music	0	0
chinese opera	0	0
chipmunk soul	0	0
chiptune	0	0
chopped and screwed	0	0
choral	0	0
choro	0	0
chotis madrileño	0	0
christian hip hop	0	0
christian liturgical music	0	0
christian rock	0	0
christmas music	0	0
chutney	0	0
chuvash folk music	0	0
cilokaq	0	0
cinematic classical	0	0
ciranda	0	0
circassian folk music	0	0
circus march	0	0
city pop	0	0
classical crossover	0	0
classical march	0	0
classical music	0	1
classical period	0	0
classical waltz	0	0
close harmony	0	0
cloud rap	0	0
cocktail nation	0	0
coco	0	0
coladeira	0	0
coldwave	1	0
colinde	0	0
comedy	0	0
comedy rap	0	0
comedy rock	0	0
comorian music	0	0
compas	0	0
complextro	0	0
concerto	0	0
conducted improvisation	0	0
conga	0	0
conscious hip hop	0	0
contemporary country	0	0
contemporary folk	0	0
contemporary r&b	1	0
cool jazz	0	0
coon song	0	0
copla	0	0
coptic music	0	0
cornish folk music	0	0
corrido	0	0
corsican folk music	0	0
country	0	1
country & irish	0	0
country blues	0	0
country boogie	0	0
country gospel	0	0
countrypolitan	0	0
country pop	1	0
country rap	0	0
country rock	0	0
country soul	1	0
country yodeling	0	0
coupé-décalé	0	0
cowboy	0	0
cowpunk	0	0
c-pop	0	0
cretan folk music	0	0
croatian folk music	0	0
crossbreed	0	0
crossover thrash	0	0
crunk	0	0
crunkcore	0	0
crust punk	0	0
csango folk music	0	0
cuarteto	0	0
cuban charanga	0	0
cuban music	0	0
cuban rumba	0	0
cubaton	0	0
cueca	0	0
cumbia	0	0
cumbia argentina	0	0
cumbia cheta	0	0
cumbia mexicana	0	0
cumbia norteña mexicana	0	0
cumbia peruana	0	0
cumbia santafesina	0	0
cumbia sonidera	0	0
cumbia villera	0	0
cuplé	0	0
currulao	0	0
cybergrind	0	0
cyber metal	0	0
czech folk music	0	0
dabke	0	0
dagomba music	0	0
dance	0	1
dancefloor drum and bass	0	0
dancehall	0	0
dance-pop	1	0
dance-punk	0	0
dang-ak	0	0
dangdut	0	0
dangdut koplo	0	0
danish folk music	0	0
danmono	0	0
dansbandsmusik	0	0
dansktop	0	0
danzón	0	0
dark ambient	0	0
dark cabaret	1	0
dark electro	0	0
dark folk	0	0
dark jazz	0	0
dark psytrance	0	0
darkside hardcore	0	0
darkstep	0	0
darksynth	0	0
darkwave	1	0
d-beat	0	0
death 'n' roll	0	0
deathcore	0	0
death doom metal	0	0
deathgrind	0	0
death industrial	0	0
death metal	0	0
deathrock	0	0
deathstep	0	0
deconstructed club	0	0
deejay	0	0
deep funk	0	0
deep house	0	0
deep soul	0	0
delta blues	0	0
dembow	0	0
dennery segment	0	0
denpa	0	0
depressive black metal	0	0
descarga	0	0
descriptor	0	0
detroit techno	0	0
deutschpunk	0	0
deutschrock	0	0
dhrupad	0	0
digital cumbia	0	0
digital dancehall	0	0
digital hardcore	0	0
dimotika	0	0
dirty south	0	0
disco	1	0
disco polo	0	0
disco rap	0	0
dixieland	0	0
djanba	0	0
djent	0	0
doina	0	0
dongjing	0	0
doomcore	0	0
doom metal	0	0
doo-wop	0	0
doskpop	0	0
downtempo	0	0
dream pop	1	0
dreampunk	0	0
dream trance	0	0
drill	0	0
drill and bass	0	0
drone	0	0
drone metal	0	0
drum and bass	0	0
drumfunk	0	0
drumstep	0	0
dub	0	0
dub poetry	0	0
dubstep	0	0
dubstyle	0	0
dub techno	0	0
duma	0	0
dunedin sound	0	0
dungeon synth	0	0
duranguense	0	0
dutch cabaret	0	0
dutch folk music	0	0
dutch house	0	0
eai	0	0
east african music	0	0
east asian classical music	0	0
east asian folk music	0	0
east asian music	0	0
east coast hip hop	0	0
easycore	0	0
easy listening	0	0
ebm	1	0
ecm style jazz	0	0
educational music	0	0
electric blues	0	0
electric texas blues	0	0
electro	0	0
electroacoustic	0	0
electroclash	0	0
electro-disco	0	0
electro house	0	0
electro-industrial	0	0
electro latino	0	0
electronic	1	1
electronic dance music	1	0
electropop	1	0
electro swing	0	0
electrotango	0	0
eleki	0	0
emo	1	0
emocore	0	0
emo-pop	1	0
emo rap	1	0
emoviolence	0	0
english folk music	0	0
enka	0	0
entechna	0	0
entechna laika	0	0
epic collage	0	0
epic music	0	0
estonian folk music	0	0
ethereal wave	0	0
ethio-jazz	0	0
ethiopian church music	0	0
euphoric hardstyle	0	0
eurobeat	0	0
eurodance	0	0
euro-disco	0	0
euro house	0	0
european folk music	0	0
european free jazz	0	0
europop	0	0
euro-trance	0	0
euskal kantagintza berria	0	0
ewe music	0	0
exotica	0	0
experimental	1	1
experimental big band	0	0
experimental hip hop	0	0
experimental rock	0	0
expressionism	0	0
extratone	0	0
fado	0	0
fado de coimbra	0	0
fairy tales	0	0
famo	0	0
fanfare	0	0
fantezi	0	0
faroese folk music	0	0
festival progressive house	0	0
fidget house	0	0
field hollers	0	0
field recordings	0	0
fijian music	0	0
filin	0	0
filmi	0	0
film score	0	0
film soundtrack	0	0
finnish folk music	0	0
finnish tango	0	0
flamenco	0	0
flamenco jazz	0	0
flamenco nuevo	0	0
flamenco pop	0	0
flashcore	0	0
flemish folk music	0	0
flex dance music	0	0
fm synthesis	0	0
folk	0	1
folk baroque	0	0
folkhop	0	0
folk metal	0	0
folk pop	1	0
folk punk	0	0
folk rock	0	0
folktronica	1	0
fon music	0	0
footwork	0	0
forró	0	0
forró eletrônico	0	0
forró universitário	0	0
freakbeat	0	0
freak folk	0	0
free folk	0	0
freeform hardcore	0	0
free improvisation	0	0
free jazz	0	0
freestyle	0	0
freetekno	0	0
french-canadian folk music	0	0
french caribbean music	0	0
frenchcore	0	0
french folk music	0	0
french hip hop	0	0
french house	0	0
french pop	0	0
frevo	0	0
fuji	0	0
fula music	0	0
full-on psytrance	0	0
funaná	0	0
funeral doom metal	0	0
fungi	0	0
funk	0	0
funk 150 bpm	0	0
funk carioca	0	0
funk mandelão	0	0
funk melody	0	0
funk metal	0	0
funknejo	0	0
funk ostentação	0	0
funkot	0	0
funk proibidão	0	0
funk rock	0	0
funktronica	1	0
funky house	0	0
future bass	0	0
future bounce	0	0
future funk	0	0
future garage	0	0
future house	0	0
futurepop	1	0
futurism	0	0
futuristic swag	0	0
gabber	0	0
gaelic psalm	0	0
gagaku	0	0
gagauz folk music	0	0
gagok	0	0
gaita zuliana	0	0
galician folk music	0	0
gamelan	0	0
gamelan angklung	0	0
gamelan beleganjur	0	0
gamelan degung	0	0
gamelan gender wayang	0	0
gamelan gong gede	0	0
gamelan gong kebyar	0	0
gamelan jawa	0	0
gamelan jegog	0	0
gamelan sekaten	0	0
gamelan selonding	0	0
gamelan semar pegulingan	0	0
gangsta rap	0	0
garage house	0	0
garage punk	0	0
garage rock	0	0
garage rock revival	0	0
garba	0	0
garifuna folk music	0	0
gascon folk music	0	0
genge	0	0
georgian folk music	0	0
german folk music	0	0
g-funk	0	0
għana	0	0
ghazal	0	0
ghetto house	0	0
ghettotech	0	0
girl group	0	0
glam metal	0	0
glam punk	0	0
glam rock	0	0
glitch	1	0
glitch hop	0	0
glitch hop [edm]	0	0
glitch pop	1	0
gnawa	0	0
goa trance	0	0
go-go	0	0
gondang	0	0
goombay	0	0
goral music	0	0
goregrind	0	0
gorenoise	0	0
gospel	0	0
gothic country	0	0
gothic metal	0	0
gothic rock	1	0
gqom	0	0
grebo	0	0
greek folk music	0	0
greek music	0	0
gregorian chant	0	0
grime	0	0
grindcore	0	0
groove metal	0	0
group sounds	0	0
grunge	0	0
guaguancó	0	0
guajira	0	0
guaracha	0	0
guarania	0	0
gujarati folk music	0	0
gumbe	0	0
guoyue	0	0
gwo ka	0	0
gypsy punk	0	0
habanera	0	0
halftime	0	0
halloween music	0	0
hamburger schule	0	0
hands up	0	0
han folk music	0	0
happy hardcore	0	0
harawi	0	0
hardbass	0	0
hard bop	0	0
hardcore breaks	0	0
hardcore [edm]	0	0
hardcore hip hop	0	0
hardcore punk	0	0
hardcore [punk]	0	0
hard drum	0	0
hardgroove	0	0
hard rock	0	0
hardstep	0	0
hardstyle	0	0
hard trance	0	0
hardvapour	0	0
harsh noise	0	0
harsh noise wall	0	0
hausa music	0	0
hawaiian music	0	0
heartland rock	0	0
heavy metal	0	0
heavy psych	0	0
heikyoku	0	0
hexd	0	0
highlife	0	0
hill country blues	0	0
hill tribe music	0	0
himene tarava	0	0
hindustani classical music	0	0
hi-nrg	0	0
hip hop	0	1
hip house	0	0
hiplife	0	0
hispanic american folk music	0	0
hispanic american music	0	0
hispanic music	0	0
hi-tech psytrance	0	0
hmong folk music	0	0
hmong pop	0	0
holiday music	0	0
honkyoku	0	0
honky tonk	0	0
horrorcore	0	0
horror punk	0	0
horror synth	0	0
house	1	0
huayno	0	0
humppa	0	0
hungarian folk music	0	0
hyang-ak	0	0
hymns	0	0
hyperpop	1	0
hyphy	0	0
hypnagogic pop	1	0
ibiza trance	0	0
icelandic folk music	0	0
idm	0	0
idol kayō	0	0
igbo music	0	0
illbient	0	0
impressionism	0	0
indeterminacy	0	0
indian pop	0	0
indie folk	1	0
indie pop	1	0
indie rock	1	0
indietronica	1	0
indigenous american music	0	0
indigenous andean music	0	0
indigenous australian music	0	0
indigenous taiwanese music	0	0
indorock	0	0
industrial	0	1
industrial hardcore	0	0
industrial hip hop	0	0
industrial metal	0	0
industrial music	0	0
industrial rock	0	0
industrial techno	0	0
instrumental hip hop	0	0
integral serialism	0	0
interview	0	0
inuit music	0	0
inuit vocal games	0	0
ionian islands folk music	0	0
iranian folk music	0	0
iranian music	0	0
iraqi maqam	0	0
irish folk music	0	0
irish showband	0	0
islamic modal music	0	0
islamic religious music & recitation	0	0
israeli folk music	0	0
italian folk music	0	0
italo dance	0	0
italo-disco	0	0
italo house	0	0
italo pop	0	0
izlan	0	0
jaipongan	0	0
jamaican music	0	0
jamaican ska	0	0
jam band	0	0
jangle pop	1	0
japanese classical music	0	0
japanese folk music	0	0
japanese hardcore	0	0
japanese hip hop	0	0
japanese music	0	0
jazz	0	1
jazz-funk	0	0
jazz fusion	0	0
jazz manouche	0	0
jazz poetry	0	0
jazz pop	1	0
jazz rap	0	0
jazz-rock	0	0
jazzstep	0	0
j-core	0	0
al jeel	0	0
jeong-ak	0	0
jerk rap	0	0
jersey club	0	0
jewish liturgical music	0	0
jewish music	0	0
jiangnan sizhu	0	0
jibaro	0	0
jingles	0	0
jit	0	0
jiuta	0	0
joik	0	0
jongo	0	0
jook	0	0
joropo	0	0
jōruri	0	0
jovem guarda	0	0
j-pop	0	0
jug band	0	0
jùjú	0	0
juke	0	0
jump blues	0	0
jumpstyle	0	0
jump-up	0	0
jungle	0	0
jungle terror	0	0
junkanoo	0	0
kabarett	0	0
kabye folk music	0	0
kabyle music	0	0
kafi	0	0
kagura	0	0
kalindula	0	0
kalmyk traditional music	0	0
kanto	0	0
kapuka	0	0
karakalpak traditional music	0	0
kaseko	0	0
kawaii future bass	0	0
kayōkyoku	0	0
kazakh traditional music	0	0
kecak	0	0
kecapi suling	0	0
kef music	0	0
keroncong	0	0
khakas traditional music	0	0
khmer folk music	0	0
khoisan folk music	0	0
khrueang sai	0	0
khyal	0	0
kidumbak	0	0
kilapanga	0	0
kirtan	0	0
kizomba	0	0
klapa	0	0
kleinkunst	0	0
klezmer	0	0
kliningan	0	0
könsrock	0	0
korean classical music	0	0
korean folk music	0	0
korean music	0	0
kouta	0	0
k-pop	0	0
krautrock	0	0
kriyat hatorah	0	0
kuda lumping	0	0
kuduro	0	0
kulintang	0	0
kumiuta	0	0
kundiman	0	0
kurdish folk music	0	0
kurpian folk music	0	0
kwaito	0	0
kwassa kwassa	0	0
kwela	0	0
kyrgyz traditional music	0	0
lab polyphony	0	0
laika	0	0
lambada	0	0
lao folk music	0	0
latin alternative	0	0
latin american classical music	0	0
latin disco	0	0
latin electronic	0	0
latin freestyle	0	0
latin funk	0	0
latin house	0	0
latin jazz	0	0
latin pop	0	0
latin rap	0	0
latin rock	0	0
latin soul	0	0
latvian folk music	0	0
lectures	0	0
lento violento	0	0
levenslied	0	0
library music	0	0
lieder	0	0
liedermacher	0	0
light music	0	0
lilat	0	0
liquid drum and bass	0	0
liscio	0	0
lithuanian folk music	0	0
lo-fi hip hop	0	0
lo-fi / slacker rock	0	0
lokal musik	0	0
lolicore	0	0
lounge	0	0
lovers rock	0	0
lowercase	0	0
luk krung	0	0
luk thung	0	0
lullabies	0	0
luri folk music	0	0
macedonian folk music	0	0
maddahi	0	0
madrigal	0	0
maftirim	0	0
mahori	0	0
mahraganat	0	0
makina	0	0
makossa	0	0
malagasy folk music	0	0
malagasy music	0	0
malagueña venezolana	0	0
malayali folk music	0	0
malay classical music	0	0
malay folk music	0	0
malhun	0	0
mallsoft	0	0
maloya	0	0
maloya élektrik	0	0
mambo	0	0
mande music	0	0
mandopop	0	0
manele	0	0
mangue beat	0	0
manila sound	0	0
manx folk music	0	0
manyao	0	0
māori traditional music	0	0
mapuche folk music	0	0
marabi	0	0
maracatu	0	0
marchinha	0	0
mariachi	0	0
mari folk music	0	0
marinera	0	0
marrabenta	0	0
martial industrial	0	0
mashcore	0	0
mashup	1	0
mathcore	0	0
math rock	0	0
maxixe	0	0
mbalax	0	0
mbaqanga	0	0
mbenga-mbuti music	0	0
mbube	0	0
medieval classical music	0	0
medieval folk metal	0	0
medieval lyric poetry	0	0
medieval rock	0	0
melanesian music	0	0
melbourne bounce	0	0
melodic black metal	0	0
melodic death metal	0	0
melodic dubstep	0	0
melodic hardcore	0	0
melodic metalcore	0	0
memphis rap	0	0
mento	0	0
merecumbé	0	0
merengue	0	0
méringue	0	0
merseybeat	0	0
mesopotamian music	0	0
metal	0	1
metalcore	0	0
mexican folk music	0	0
mexican music	0	0
miami bass	0	0
microhouse	0	0
micronesian traditional music	0	0
microsound	0	0
microtonal classical	0	0
mid-school hip hop	0	0
midtempo bass	0	0
midwest emo	1	0
milonga	0	0
min'yō	0	0
minatory	0	0
minimal drum and bass	0	0
minimalism	0	0
minimal synth	1	0
minimal techno	0	0
minimal wave	0	0
mobb music	0	0
mod	0	0
moda de viola	0	0
modal jazz	0	0
modern classical	0	0
modern laika	0	0
mod revival	0	0
molam	0	0
mongolian long song	0	0
mongolian throat singing	0	0
mongolian traditional music	0	0
mono	0	0
mood kayō	0	0
moombahcore	0	0
moombahton	0	0
moorish music	0	0
moravian folk music	0	0
morna	0	0
moroccan chaabi	0	0
motown sound	0	0
moutya	0	0
movimiento alterado	0	0
mozambique	0	0
mpb	0	0
muliza	0	0
murga	0	0
musette	0	0
música criolla peruana	0	0
música de intervenção	0	0
música gaúcha	0	0
musical comedy	1	0
musical parody	0	0
musical theatre and entertainment	0	1
music hall	0	0
musika popullore	0	0
musique concrète	0	0
musique concrète instrumentale	0	0
muzică de mahala	0	0
muzică lăutărească	0	0
muzika mizrahit	0	0
muziki wa dansi	0	0
nagauta	0	0
narodno zabavna glasba	0	0
nasheed	0	0
nashville sound	0	0
nature recordings	0	0
naturjodel	0	0
nederbeat	0	0
nederpop	0	0
neoclassical darkwave	0	0
neoclassical metal	0	0
neoclassical new age	0	0
neoclassicism	0	0
neofolk	0	0
neo kyma	0	0
neo-medieval folk	0	0
neo-pagan folk	0	0
neoperreo	0	0
neo-prog	0	0
neo-psychedelia	1	0
neo-soul	0	0
neo-traditionalist country	0	0
nerdcore hip hop	0	0
nerdcore techno	0	0
neue deutsche härte	0	0
neue deutsche welle	0	0
neurofunk	0	0
neurohop	0	0
newa folk music	0	0
new age	0	1
new age kirtan	0	0
new beat	0	0
new complexity	0	0
newfoundland folk music	0	0
new jack swing	0	0
new music	0	0
new orleans blues	0	0
new orleans brass band	0	0
new orleans r&b	0	0
new romantic	0	0
new wave	1	0
new york hardcore	0	0
ngoma	0	0
nguni folk music	0	0
nhạc vàng	0	0
nightcore	0	0
nigun	0	0
nintendocore	0	0
nitzhonot	0	0
noh	0	0
noise	0	1
noisecore	0	0
noise pop	1	0
noise rock	0	0
nordic folk music	0	0
nordic folk rock	0	0
nordic old time dance music	0	0
nortec	0	0
norteño	0	0
north african music	0	0
northeastern african music	0	0
northern soul	0	0
northumbrian folk music	0	0
norwegian folk music	0	0
nouvelle chanson française	0	0
nova cançó	0	0
nòva cançon	0	0
novelty	0	0
novelty piano	0	0
novo dub	0	0
no wave	0	0
nrg	0	0
nubian music	0	0
nu-disco	1	0
nueva canción	0	0
nueva canción española	0	0
nueva canción latinoamericana	0	0
nueva trova	0	0
nu jazz	0	0
nu metal	0	0
nursery rhymes	0	0
nu skool breaks	0	0
nu style gabber	0	0
nwobhm	0	0
nyahbinghi	0	0
occitan folk music	0	0
odia folk music	0	0
odissi classical music	0	0
oi!	0	0
old-time	0	0
onda nueva	0	0
ondō	0	0
onkyo	0	0
opera	0	0
opera buffa	0	0
opera semiseria	0	0
opera seria	0	0
operetta	0	0
oratorio	0	0
orchestral	0	0
oriental jewish music	0	0
ossetian folk music	0	0
ottoman military music	0	0
outlaw country	0	0
outsider house	0	0
özgün müzik	0	0
pachanga	0	0
pagan black metal	0	0
pagodão	0	0
pagode	0	0
pagode romântico	0	0
paisley underground	0	0
pakacaping music	0	0
palingsound	0	0
palm wine music	0	0
pansori	0	0
papuan folk music	0	0
parang	0	0
partido alto	0	0
pashto folk music	0	0
pasillo	0	0
pasodoble	0	0
peking opera	0	0
persian classical music	0	0
persian pop	0	0
p-funk	0	0
philippine music	0	0
philly club	0	0
philly soul	0	0
phleng phuea chiwit	0	0
phonk	0	0
piano blues	0	0
piano rock	1	0
picopop	0	0
piedmont blues	0	0
pilón	0	0
pimba	0	0
pinoy folk rock	0	0
pinpeat	0	0
pìobaireachd	0	0
pipe band	0	0
piphat	0	0
pizzica	0	0
plainsong	0	0
plena	0	0
plugg	0	0
plunderphonics	0	0
poetry	0	0
poezja śpiewana	0	0
polish carpathian folk music	0	0
polish folk music	0	0
political hip hop	0	0
polka	0	0
polynesian music	0	0
polyphonic chant	0	0
pon-chak disco	0	0
pop	1	1
pop ghazal	0	0
pop punk	1	0
pop raï	0	0
pop rap	0	0
pop reggae	0	0
pop rock	1	0
pops orchestra	0	0
pop soul	1	0
pop sunda	0	0
porn groove	0	0
porro	0	0
portuguese folk music	0	0
portuguese music	0	0
post-bop	0	0
post-grunge	0	0
post-hardcore	0	0
post-industrial	1	0
post-metal	0	0
post-minimalism	0	0
post-punk	1	0
post-punk revival	0	0
post-rock	1	0
power electronics	0	0
power metal	0	0
power noise	0	0
power pop	1	0
power soca	0	0
powerviolence	0	0
powwow music	0	0
praise & worship	0	0
prank calls	0	0
prehistoric music	0	0
progressive big band	0	0
progressive bluegrass	0	0
progressive breaks	0	0
progressive country	0	0
progressive electronic	0	0
progressive folk	0	0
progressive house	0	0
progressive metal	0	0
progressive pop	1	0
progressive psytrance	0	0
progressive rock	1	0
progressive trance	0	0
proto-punk	0	0
psybient	0	0
psychedelia	0	1
psychedelic folk	0	0
psychedelic pop	1	0
psychedelic rock	1	0
psychedelic soul	0	0
psychobilly	0	0
psytrance	0	0
pub rock	0	0
punjabi folk music	0	0
punk	0	1
punk blues	0	0
punk rock	0	0
punta	0	0
purple sound	0	0
qaraami	0	0
qasidah modern	0	0
qawwali	0	0
quan họ	0	0
queercore	0	0
rabiz	0	0
radio broadcast recordings	0	0
radio drama	0	0
raga rock	0	0
ragga	0	0
raggacore	0	0
ragga jungle	0	0
ragtime	0	0
raï	0	0
rajasthani folk music	0	0
r&b	0	1
ranchera	0	0
rapai dabõih	0	0
rap metal	0	0
rap rock	0	0
rapso	0	0
rara	0	0
rasin	0	0
rasqueado	0	0
rasteirinha	0	0
rautalanka	0	0
rawstyle	0	0
red dirt	0	0
reductionism	0	0
reggae	0	0
reggaeton	0	0
regional music	0	1
rembetika	0	0
renaissance music	0	0
repente	0	0
revue	0	0
rhumba	0	0
rhythm & blues	0	0
riddim	0	0
rigsar	0	0
riot grrrl	0	0
ripsaw	0	0
ritual ambient	0	0
rizitika	0	0
rock	0	1
rockabilly	0	0
rock & roll	0	0
rock in opposition	0	0
rock opera	0	0
rocksteady	0	0
rock urbano español	0	0
rōkyoku	0	0
romanian etno music	0	0
romanian folk music	0	0
romanian music	0	0
romanian popcorn	0	0
romani folk music	0	0
romanţe	0	0
romanticism	0	0
roots reggae	0	0
roots rock	0	0
rumba catalana	0	0
rumba flamenca	0	0
runolaulu	0	0
russian chanson	0	0
russian folk music	0	0
russian music	0	0
russian orthodox liturgical music	0	0
russian romance	0	0
ryūkōka	0	0
sacred harp music	0	0
saeta	0	0
sahrawi music	0	0
sakha traditional music	0	0
salegy	0	0
salsa	0	0
salsa dura	0	0
salsa romántica	0	0
saluang klasik	0	0
samba	0	0
samba-canção	0	0
samba-choro	0	0
samba de breque	0	0
samba de roda	0	0
samba de terreiro	0	0
samba-enredo	0	0
samba-exaltação	0	0
samba-jazz	0	0
samba-reggae	0	0
samba-rock	0	0
samba soul	0	0
sambass	0	0
samoan music	0	0
samoyedic traditional music	0	0
sanjo	0	0
santé engagé	0	0
santería music	0	0
sarala gee	0	0
sardana	0	0
sasscore	0	0
satire	0	0
saya afroboliviana	0	0
schlager	0	0
schranz	0	0
scottish folk music	0	0
scouse house	0	0
screamo	0	0
scrumpy and western	0	0
sean-nós	0	0
sea shanties	0	0
séga	0	0
seggae	0	0
semba	0	0
sephardic music	0	0
sequencer & tracker	0	0
serbian folk music	0	0
serialism	0	0
sertanejo	0	0
sertanejo de raiz	0	0
sertanejo romântico	0	0
sertanejo universitário	0	0
sevdalinka	0	0
sevillanas	0	0
seychelles & mascarene islands music	0	0
shaʻabi	0	0
shadow music	0	0
shangaan electro	0	0
shaoxing opera	0	0
shashmaqam	0	0
shetland & orkney folk music	0	0
shibuya-kei	0	0
shidaiqu	0	0
shinkyoku	0	0
shoegaze	1	0
shōmyō	0	0
shona mbira music	0	0
show tunes	0	0
sierreño	0	0
sinawi	0	0
singeli	0	0
singer-songwriter	1	1
sinhalese folk music	0	0
ska	0	0
ska punk	0	0
skate punk	0	0
sketch comedy	0	0
skiffle	0	0
skiladika	0	0
skinhead reggae	0	0
skweee	0	0
slack-key guitar	0	0
slam death metal	0	0
slam poetry	0	0
slap house	0	0
slavic folk music	0	0
slovak folk music	0	0
slovenian folk music	0	0
slowcore	0	0
sludge metal	0	0
smooth jazz	0	0
smooth soul	0	0
snap	0	0
soca	0	0
soft rock	1	0
sōkyoku	0	0
son calentano	0	0
son cubano	0	0
songhai music	0	0
songo	0	0
son huasteco	0	0
sonido donosti	0	0
son istmeño	0	0
son jarocho	0	0
sonorism	0	0
sophisti-pop	1	0
sotho-tswana folk music	0	0
soukous	0	0
soul	0	0
soul blues	0	0
soul jazz	0	0
sound art	0	0
sound collage	0	0
sound poetry	0	0
sounds and effects	0	0
soundtracks	0	0
south asian classical music	0	0
south asian folk music	0	0
south asian music	0	0
southeast asian classical music	0	0
southeast asian folk music	0	0
southeast asian music	0	0
southern african folk music	0	0
southern african music	0	0
southern gospel	0	0
southern hip hop	0	0
southern metal	0	0
southern rock	0	0
southern soul	0	0
soviet estrada	0	0
space age pop	0	0
space ambient	0	0
space disco	0	0
space rock	0	0
spacesynth	0	0
spaghetti western	0	0
spanish classical music	0	0
spanish folk music	0	0
spanish music	0	0
spectralism	0	0
speeches	0	0
speedcore	0	0
speed garage	0	0
speed metal	0	0
spiritual jazz	0	0
spirituals	0	0
splittercore	0	0
spoken word	0	1
spouge	0	0
standards	0	0
stand-up comedy	0	0
starogradska muzika	0	0
stereo	0	0
stochastic music	0	0
stoner metal	0	0
stoner rock	0	0
stornello	0	0
stride	0	0
sufiana kalam	0	0
sufi rock	0	0
sungura	0	0
sunshine pop	0	0
suomisaundi	0	0
surf music	0	0
surf punk	0	0
surf rock	0	0
sutartinės	0	0
swamp blues	0	0
swamp rock	0	0
swedish folk music	0	0
swing	0	0
swing revival	0	0
symphonic black metal	0	0
symphonic metal	0	0
symphonic prog	0	0
symphonic rock	0	0
symphony	0	0
synth funk	1	0
synthpop	1	0
synth punk	0	0
synthwave	0	0
syriac chant	0	0
taarab	0	0
taiko	0	0
tajik traditional music	0	0
takamba	0	0
talempong	0	0
talking blues	0	0
tallava	0	0
tamborera	0	0
tamborito	0	0
tamil folk music	0	0
tammurriata	0	0
tango	0	0
tango nuevo	0	0
tape music	0	0
taquirari	0	0
tarantella	0	0
tarraxinha	0	0
tassu	0	0
tatar folk music	0	0
tchinkoumé	0	0
tchink system	0	0
tech house	0	0
technical death metal	0	0
technical thrash metal	0	0
techno	0	0
techno bass	0	0
techno kayō	0	0
techstep	0	0
tech trance	0	0
tecnobanda	0	0
tecnobrega	0	0
tecnorumba	0	0
teen pop	0	0
tejano	0	0
television music	0	0
telugu folk music	0	0
tembang cianjuran	0	0
terrorcore	0	0
tex-mex	0	0
thai classical music	0	0
thai folk music	0	0
third stream	0	0
third wave ska	0	0
thrashcore	0	0
thrash metal	0	0
throat singing	0	0
thumri	0	0
tibetan traditional music	0	0
tigrinya music	0	0
timba	0	0
timbila	0	0
tishoumaren	0	0
tizita	0	0
tonada chilena	0	0
tonada potosina	0	0
tondero	0	0
tone poem	0	0
tosk polyphony	0	0
totalism	0	0
township bubblegum	0	0
township jive	0	0
tradi-modern	0	0
traditional arabic pop	0	0
traditional black gospel	0	0
traditional cajun	0	0
traditional country	0	0
traditional doom metal	0	0
traditional folk music	0	0
traditional maloya	0	0
traditional pop	1	0
traditional raï	0	0
traditional séga	0	0
tragédie en musique	0	0
trallalero	0	0
trance	0	0
trancecore	0	0
trance metal	0	0
trancestep	0	0
trap	0	0
trap [edm]	0	0
trap metal	0	0
trás-os-montes folk music	0	0
tread	0	0
tribal ambient	0	0
tribal guarachero	0	0
tribal house	0	0
trinidadian cariso	0	0
trip hop	0	0
tropical house	0	0
tropicália	0	0
tropipop	0	0
trot	0	0
trova	0	0
trova yucateca	0	0
truck driving country	0	0
tsapiky	0	0
tsonga disco	0	0
tsugaru shamisen	0	0
tuareg music	0	0
tumba	0	0
tumba francesa	0	0
tumbélé	0	0
turbo-folk	0	0
turkic-mongolic traditional music	0	0
turkish black sea region folk music	0	0
turkish classical music	0	0
turkish folk music	0	0
turkish mevlevi music	0	0
turkish music	0	0
turkish pop	0	0
turkmen traditional music	0	0
turntable music	0	0
turntablism	0	0
tuvan throat singing	0	0
twee pop	1	0
twerk	0	0
uk82	0	0
uk bass	0	0
uk drill	0	0
uk funky	0	0
uk garage	0	0
uk hardcore	0	0
uk hard house	0	0
uk hip hop	0	0
ukrainian folk music	0	0
unyago	0	0
uplifting trance	0	0
upopo	0	0
uptempo hardcore	0	0
urban cowboy	0	0
urumi melam	0	0
us power metal	0	0
utopian virtual	0	0
uyghur music	0	0
uzbek traditional music	0	0
uzun hava	0	0
vallenato	0	0
vals criollo	0	0
vanera	0	0
vanguarda paulista	0	0
vapor	1	0
vaportrap	0	0
vaporwave	1	0
vaudeville	0	0
vaudeville blues	0	0
video game music	0	0
vietnamese bolero	0	0
vietnamese classical music	0	0
vietnamese folk music	0	0
vietnamese music	0	0
vietnamese opera	0	0
viking metal	0	0
viking rock	0	0
vinahouse	0	0
virgin islander cariso	0	0
visor	0	0
visual kei	0	0
vocal group	0	0
vocal jazz	1	0
vocal surf	0	0
vocal trance	0	0
volkstümliche musik	0	0
v-pop	0	0
waka	0	0
walloon folk music	0	0
war metal	0	0
warsaw city folk	0	0
wassoulou	0	0
waulking song	0	0
wave	0	0
weightless	0	0
welsh folk music	0	0
west african music	0	0
west asian folk music	0	0
west asian music	0	0
west coast hip hop	0	0
western classical music	0	0
western swing	0	0
whale song	0	0
witch house	1	0
wolof music	0	0
wonky	0	0
wonky techno	0	0
work songs	0	0
xote	0	0
yacht rock	0	0
yaraví	0	0
yass	0	0
yayue	0	0
yé-yé	0	0
yiddish folksong	0	0
yodeling	0	0
yoruba music	0	0
yukar	0	0
zamba	0	0
zamrock	0	0
zarzuela	0	0
zeuhl	0	0
zeybek	0	0
zhabdro gorgom	0	0
ziglibithy	0	0
zinli	0	0
znamenny chant	0	0
zoblazo	0	0
zohioliin duu	0	0
zolo	0	0
zouglou	0	0
zouk	0	0
zouk love	0	0
zydeco	0	0
